method,problem,verbose,col1,col2,col3,col4,col5,col6,col7,col8,col9,col10,col11,col12,col13,col14,col15,col16,col17,col18,col19,col20,col21,col22,col23,col24,col25,col26,col27,col28,col29,col30,col31,col32,col33,col34,col35,col36,col37,col38,col39,col40,col41,col42,col43,col44,col45,col46,col47,col48,col49,col50
method_logging_w_check,CUBE,false,0.02221989631652832,0.02291393280029297,0.022082090377807617,0.022246122360229492,0.02449178695678711,0.024985074996948242,0.04071497917175293,0.022609949111938477,0.022552967071533203,0.02266716957092285,0.022537946701049805,0.024477005004882812,0.024793148040771484,0.02573108673095703,0.03707599639892578,0.02296900749206543,0.0223391056060791,0.022621870040893555,0.02342820167541504,0.0253908634185791,0.025587081909179688,0.038848876953125,0.023926973342895508,0.024012088775634766,0.02327895164489746,0.025106191635131836,0.025712013244628906,0.02639007568359375,0.03514695167541504,0.023102998733520508,0.023566007614135742,0.02295708656311035,0.023457050323486328,0.025787830352783203,0.025928974151611328,0.034857988357543945,0.022808074951171875,0.02288198471069336,0.02301812171936035,0.022697925567626953,0.02574300765991211,0.025532960891723633,0.03552508354187012,0.023407936096191406,0.022975921630859375,0.023373126983642578,0.022721052169799805,0.024949073791503906,0.02585601806640625,0.03606986999511719
method_logging_w_check,CUBE,true,0.2851269245147705,0.2842249870300293,0.26211094856262207,0.17000198364257812,0.2064220905303955,0.23192787170410156,0.2558310031890869,0.19742894172668457,0.2629060745239258,0.1817619800567627,0.25382280349731445,0.20825600624084473,0.2568190097808838,0.19829297065734863,0.21229314804077148,0.2191920280456543,0.2158210277557373,0.28327107429504395,0.19549083709716797,0.2096259593963623,0.2546238899230957,0.22919797897338867,0.2463219165802002,0.22803783416748047,0.25806689262390137,0.2263169288635254,0.22684097290039062,0.21192407608032227,0.22850704193115234,0.23883318901062012,0.34074902534484863,0.17256498336791992,0.31218791007995605,0.295989990234375,0.32759904861450195,0.24209094047546387,0.2930591106414795,0.27657508850097656,0.22924280166625977,0.24965977668762207,0.29738903045654297,0.23446893692016602,0.2424759864807129,0.23014187812805176,0.2668039798736572,0.25739598274230957,0.2266368865966797,0.21535015106201172,0.20796418190002441,0.17409205436706543
method_logging_w_check,ROSENBR,false,0.01400303840637207,0.022906064987182617,0.013962984085083008,0.014153003692626953,0.01388096809387207,0.013899087905883789,0.013862133026123047,0.013978004455566406,0.015037059783935547,0.015525102615356445,0.015568971633911133,0.015601873397827148,0.02593398094177246,0.013993024826049805,0.014182090759277344,0.014045000076293945,0.01400613784790039,0.014197111129760742,0.01414799690246582,0.014542102813720703,0.015504121780395508,0.015491008758544922,0.015547990798950195,0.015681028366088867,0.024280071258544922,0.014071226119995117,0.014227151870727539,0.014527082443237305,0.013905048370361328,0.013923883438110352,0.013881206512451172,0.015539884567260742,0.015532970428466797,0.015542984008789062,0.015540122985839844,0.024960994720458984,0.013947010040283203,0.014200925827026367,0.013975143432617188,0.013896942138671875,0.01392984390258789,0.014172792434692383,0.015370845794677734,0.01584911346435547,0.015713930130004883,0.015613079071044922,0.025607824325561523,0.013974905014038086,0.014213085174560547,0.014120101928710938
method_logging_w_check,ROSENBR,true,0.12826800346374512,0.20478010177612305,0.22390294075012207,0.23490500450134277,0.23271584510803223,0.4405550956726074,0.18874216079711914,0.20494389533996582,0.192763090133667,0.17040514945983887,0.17458391189575195,0.19973206520080566,0.192155122756958,0.1780400276184082,0.18186402320861816,0.23592686653137207,0.19599080085754395,0.1654658317565918,0.22034001350402832,0.1877908706665039,0.23099780082702637,0.15457987785339355,0.18313980102539062,0.20882892608642578,0.19630002975463867,0.22177696228027344,0.25051403045654297,0.36229801177978516,0.27324914932250977,0.22110605239868164,0.1793820858001709,0.14790701866149902,0.1850278377532959,0.18390297889709473,0.19682002067565918,0.15997099876403809,0.13051080703735352,0.21291399002075195,0.20409202575683594,0.17629098892211914,0.21590805053710938,0.1913142204284668,0.18684983253479004,0.1496438980102539,0.21174407005310059,0.18760395050048828,0.18857812881469727,0.17558002471923828,0.1789109706878662,0.1892859935760498
method_logging_w_check,HILBERTB,false,0.0001399517059326172,0.0001308917999267578,0.00012993812561035156,0.00012993812561035156,0.00012993812561035156,0.00013184547424316406,0.00012993812561035156,0.00013113021850585938,0.00013113021850585938,0.00013017654418945312,0.00013113021850585938,0.00012993812561035156,0.0001308917999267578,0.0001308917999267578,0.00012993812561035156,0.00013113021850585938,0.00013017654418945312,0.00012993812561035156,0.0001308917999267578,0.00012993812561035156,0.0001308917999267578,0.00017881393432617188,0.0001609325408935547,0.0001609325408935547,0.00016307830810546875,0.00016188621520996094,0.0001609325408935547,0.00016188621520996094,0.00016117095947265625,0.00016188621520996094,0.00015997886657714844,0.00021195411682128906,0.00024390220642089844,0.00021195411682128906,0.000202178955078125,0.00020194053649902344,0.00020503997802734375,0.0002040863037109375,0.00023293495178222656,0.0002009868621826172,0.000202178955078125,0.0002028942108154297,0.0002028942108154297,0.0002009868621826172,0.00020194053649902344,0.00020003318786621094,0.0002009868621826172,0.00020194053649902344,0.00021004676818847656,0.0001308917999267578
method_logging_w_check,HILBERTB,true,0.0007851123809814453,0.0009839534759521484,0.0015959739685058594,0.001302957534790039,0.0012011528015136719,0.0013911724090576172,0.0013959407806396484,0.0008380413055419922,0.0005490779876708984,0.0005218982696533203,0.0005321502685546875,0.0005090236663818359,0.0005950927734375,0.0005159378051757812,0.0005371570587158203,0.000514984130859375,0.0006279945373535156,0.000514984130859375,0.0005300045013427734,0.0006690025329589844,0.0005240440368652344,0.0005381107330322266,0.0005698204040527344,0.0005161762237548828,0.0005950927734375,0.0005269050598144531,0.0005259513854980469,0.0005190372467041016,0.0006759166717529297,0.0005259513854980469,0.010987997055053711,0.0005178451538085938,0.0005009174346923828,0.0005099773406982422,0.0005130767822265625,0.0005030632019042969,0.0005049705505371094,0.0005049705505371094,0.0005030632019042969,0.0006601810455322266,0.0005011558532714844,0.0004889965057373047,0.0004889965057373047,0.0007739067077636719,0.0005400180816650391,0.00051116943359375,0.0005269050598144531,0.0005128383636474609,0.0005080699920654297,0.0005140304565429688
method_logging_w_check,ARGLINC,false,0.0035958290100097656,0.0032508373260498047,0.0032491683959960938,0.0032439231872558594,0.003242969512939453,0.003242969512939453,0.003242015838623047,0.003245115280151367,0.003256082534790039,0.0032482147216796875,0.0032448768615722656,0.003242969512939453,0.0032401084899902344,0.003242969512939453,0.003242015838623047,0.003242969512939453,0.0032410621643066406,0.003242015838623047,0.0032460689544677734,0.003258943557739258,0.0032529830932617188,0.0032439231872558594,0.0032508373260498047,0.0032460689544677734,0.003242015838623047,0.0032439231872558594,0.0032432079315185547,0.0032439231872558594,0.003239870071411133,0.0032448768615722656,0.003242969512939453,0.003242015838623047,0.0032410621643066406,0.003242015838623047,0.003242969512939453,0.0032410621643066406,0.0032889842987060547,0.003248929977416992,0.003247976303100586,0.003242969512939453,0.0032432079315185547,0.003242969512939453,0.003242015838623047,0.003239154815673828,0.0032389163970947266,0.003242969512939453,0.0032389163970947266,0.003247976303100586,0.0032541751861572266,0.0032510757446289062
method_logging_w_check,ARGLINC,true,0.0037200450897216797,0.0033159255981445312,0.0033528804779052734,0.003329038619995117,0.003365039825439453,0.003384828567504883,0.003345966339111328,0.003416776657104492,0.0033409595489501953,0.0033559799194335938,0.0033359527587890625,0.003322124481201172,0.003412961959838867,0.003371000289916992,0.0033981800079345703,0.003376007080078125,0.0033550262451171875,0.003322124481201172,0.0033190250396728516,0.0033528804779052734,0.00335693359375,0.0033311843872070312,0.0033087730407714844,0.0032930374145507812,0.0033419132232666016,0.0033349990844726562,0.0033321380615234375,0.003304004669189453,0.0032858848571777344,0.0033409595489501953,0.003347158432006836,0.0033180713653564453,0.0033028125762939453,0.003353118896484375,0.003342151641845703,0.003348112106323242,0.0033380985260009766,0.003289937973022461,0.003289937973022461,0.0033469200134277344,0.0033371448516845703,0.0033190250396728516,0.0032911300659179688,0.0032978057861328125,0.003345012664794922,0.0033419132232666016,0.0033109188079833984,0.0032939910888671875,0.0033111572265625,0.0033550262451171875
method_logging_w_check,BROWNAL,false,0.0062160491943359375,0.0065059661865234375,0.00603795051574707,0.006043910980224609,0.006040811538696289,0.006124019622802734,0.00603795051574707,0.006040811538696289,0.006067991256713867,0.0060579776763916016,0.006042003631591797,0.00603485107421875,0.006042957305908203,0.006038188934326172,0.0060329437255859375,0.006044864654541016,0.006036043167114258,0.006031990051269531,0.006043910980224609,0.0060389041900634766,0.006036043167114258,0.006040811538696289,0.006031990051269531,0.0060329437255859375,0.00603795051574707,0.0060329437255859375,0.006039857864379883,0.006042957305908203,0.006031036376953125,0.006036996841430664,0.006042003631591797,0.00603485107421875,0.006031990051269531,0.00603795051574707,0.006040096282958984,0.0060329437255859375,0.006045103073120117,0.0060389041900634766,0.006036996841430664,0.006100893020629883,0.006103038787841797,0.006064176559448242,0.006045818328857422,0.006041049957275391,0.00603485107421875,0.00603795051574707,0.006034135818481445,0.006033182144165039,0.0060520172119140625,0.00603795051574707
method_logging_w_check,BROWNAL,true,0.008414983749389648,0.006287097930908203,0.006332874298095703,0.006319999694824219,0.006261110305786133,0.006376028060913086,0.00639796257019043,0.006343841552734375,0.006376028060913086,0.00628209114074707,0.006335020065307617,0.0063059329986572266,0.006271839141845703,0.006464958190917969,0.00653386116027832,0.0063800811767578125,0.006448030471801758,0.0063250064849853516,0.006383180618286133,0.0062940120697021484,0.006285190582275391,0.006333112716674805,0.006334066390991211,0.00634002685546875,0.006310224533081055,0.006288051605224609,0.006333112716674805,0.0062961578369140625,0.006321907043457031,0.006310939788818359,0.006268024444580078,0.0063610076904296875,0.006295919418334961,0.006295919418334961,0.00639796257019043,0.006266117095947266,0.006384134292602539,0.006349086761474609,0.0064182281494140625,0.006396055221557617,0.006649017333984375,0.0077610015869140625,0.0073931217193603516,0.008577823638916016,0.007401943206787109,0.007482051849365234,0.007487058639526367,0.007730007171630859,0.007837057113647461,0.007275104522705078
method_logging_w_check,GENROSE,false,1.0187759399414062,1.0178589820861816,1.0165770053863525,1.0169289112091064,1.0167608261108398,1.0200068950653076,1.0191731452941895,1.0284371376037598,1.0173931121826172,1.0182008743286133,1.0167248249053955,1.0182750225067139,1.0169718265533447,1.0193510055541992,1.0188820362091064,1.0198659896850586,1.0282490253448486,1.0175559520721436,1.0198750495910645,1.0162479877471924,1.0159530639648438,1.0173449516296387,1.019503116607666,1.0202970504760742,1.021407127380371,1.0305490493774414,1.018908977508545,1.017737865447998,1.0155830383300781,1.0161280632019043,1.0163218975067139,1.019209861755371,1.019191026687622,1.0326781272888184,1.0371239185333252,1.0208170413970947,1.0190119743347168,1.0172510147094727,1.0263590812683105,1.0183629989624023,1.0204699039459229,1.0221619606018066,1.02223801612854,1.0395069122314453,1.0238888263702393,1.0203819274902344,1.0197560787200928,1.02333402633667,1.0231130123138428,1.0224089622497559
method_logging_w_check,GENROSE,true,1.381112813949585,1.3184998035430908,1.3823010921478271,1.2676801681518555,1.5343129634857178,1.239367961883545,1.217195987701416,1.201566219329834,1.166179895401001,1.2173521518707275,1.1726689338684082,1.156419038772583,1.1608879566192627,1.2262520790100098,1.1816511154174805,1.14754319190979,1.1654021739959717,1.1586589813232422,1.3346049785614014,1.299508810043335,1.187242031097412,1.3453869819641113,1.3050448894500732,1.2110440731048584,1.292832851409912,2.414680004119873,1.5942111015319824,1.3641610145568848,1.2099449634552002,1.4047729969024658,1.6268818378448486,1.2892119884490967,1.1683070659637451,1.186919927597046,1.2005999088287354,1.1670081615447998,1.1939618587493896,1.3555219173431396,1.2331750392913818,1.2128889560699463,1.2324259281158447,1.2868449687957764,1.25966215133667,1.147895097732544,1.1639440059661865,1.2076170444488525,1.2087459564208984,1.197878122329712,1.2347419261932373,1.1983039379119873
method_logging_w_check,PENALTY1,false,0.0017309188842773438,0.0017077922821044922,0.0017168521881103516,0.001767873764038086,0.0017361640930175781,0.001711130142211914,0.0017240047454833984,0.0017290115356445312,0.0017211437225341797,0.0017261505126953125,0.001711130142211914,0.0017151832580566406,0.0017349720001220703,0.0017321109771728516,0.0017070770263671875,0.0017170906066894531,0.0017209053039550781,0.0017139911651611328,0.0017018318176269531,0.001734018325805664,0.001708984375,0.0017139911651611328,0.001706838607788086,0.0017070770263671875,0.001705169677734375,0.0017099380493164062,0.0017020702362060547,0.001706838607788086,0.001708984375,0.0017070770263671875,0.001703023910522461,0.0017049312591552734,0.0017058849334716797,0.0017099380493164062,0.0017020702362060547,0.001734018325805664,0.001711130142211914,0.0017049312591552734,0.001708984375,0.001711130142211914,0.0017151832580566406,0.0017359256744384766,0.0017359256744384766,0.0017080307006835938,0.001706838607788086,0.0017027854919433594,0.001703023910522461,0.0017008781433105469,0.0017349720001220703,0.0017061233520507812
method_logging_w_check,PENALTY1,true,0.002666950225830078,0.0028409957885742188,0.0028371810913085938,0.0026760101318359375,0.001856088638305664,0.001844167709350586,0.0017910003662109375,0.001795053482055664,0.0018150806427001953,0.0018100738525390625,0.001856088638305664,0.001878976821899414,0.0018239021301269531,0.0018019676208496094,0.0017991065979003906,0.0017848014831542969,0.0017910003662109375,0.001798868179321289,0.0018100738525390625,0.0018508434295654297,0.0018389225006103516,0.0018019676208496094,0.001786947250366211,0.0017910003662109375,0.0017809867858886719,0.0017881393432617188,0.0018079280853271484,0.0018420219421386719,0.0018508434295654297,0.0017998218536376953,0.001795053482055664,0.0017979145050048828,0.0018169879913330078,0.0018010139465332031,0.0018129348754882812,0.0018041133880615234,0.0018019676208496094,0.0018131732940673828,0.0018048286437988281,0.001817941665649414,0.0018320083618164062,0.0018491744995117188,0.0018990039825439453,0.0018749237060546875,0.001837015151977539,0.0018229484558105469,0.0018510818481445312,0.0018379688262939453,0.0018589496612548828,0.0018129348754882812
method_logging_w_check,SBRYBND,false,0.00978994369506836,0.009742975234985352,0.009926080703735352,0.010119915008544922,0.009770870208740234,0.009740829467773438,0.00976705551147461,0.009953975677490234,0.010682821273803711,0.009752988815307617,0.009742021560668945,0.009734869003295898,0.009937047958374023,0.010096073150634766,0.009736061096191406,0.009737014770507812,0.009727954864501953,0.009879112243652344,0.010101795196533203,0.009721994400024414,0.009735822677612305,0.009727001190185547,0.009922027587890625,0.010136127471923828,0.009735107421875,0.009733200073242188,0.009731054306030273,0.009866952896118164,0.010092973709106445,0.009742975234985352,0.009734869003295898,0.009758949279785156,0.00993204116821289,0.010094881057739258,0.009743928909301758,0.009735107421875,0.009733915328979492,0.009891986846923828,0.010133028030395508,0.009739875793457031,0.00973820686340332,0.009746074676513672,0.009891986846923828,0.010172843933105469,0.00974893569946289,0.009736061096191406,0.009734869003295898,0.00976705551147461,0.010235071182250977,0.009757041931152344
method_logging_w_check,SBRYBND,true,0.011441946029663086,0.010663032531738281,0.00988316535949707,0.009877204895019531,0.009901046752929688,0.009865999221801758,0.009892940521240234,0.009858131408691406,0.00988006591796875,0.00997781753540039,0.009887933731079102,0.009923934936523438,0.00987100601196289,0.009917974472045898,0.009996891021728516,0.009845972061157227,0.009901046752929688,0.009870052337646484,0.009919881820678711,0.009899139404296875,0.00993204116821289,0.009905099868774414,0.009871959686279297,0.009919881820678711,0.00989985466003418,0.009881973266601562,0.009911775588989258,0.009852886199951172,0.009889841079711914,0.009907960891723633,0.009900093078613281,0.009910106658935547,0.009892940521240234,0.009897947311401367,0.0099029541015625,0.009842157363891602,0.009924888610839844,0.009844779968261719,0.009936809539794922,0.009894132614135742,0.009835004806518555,0.009910821914672852,0.009860992431640625,0.009891033172607422,0.009886026382446289,0.00983285903930664,0.00989389419555664,0.009866952896118164,0.009891986846923828,0.009892940521240234
method_logging_no_check,CUBE,false,0.024288177490234375,0.024137020111083984,0.022844791412353516,0.029278039932250977,0.02309703826904297,0.022906064987182617,0.022802114486694336,0.023954153060913086,0.025682926177978516,0.025712966918945312,0.034555912017822266,0.023221969604492188,0.022912979125976562,0.023028135299682617,0.023294925689697266,0.025640010833740234,0.025686979293823242,0.035037994384765625,0.023253202438354492,0.023016929626464844,0.022915124893188477,0.023058176040649414,0.026737213134765625,0.026343107223510742,0.035533905029296875,0.023005962371826172,0.023136138916015625,0.022848129272460938,0.02295398712158203,0.025107860565185547,0.025707006454467773,0.03588104248046875,0.023092985153198242,0.023209095001220703,0.02293992042541504,0.02288985252380371,0.02481389045715332,0.02564692497253418,0.025767087936401367,0.033715009689331055,0.02319192886352539,0.022886991500854492,0.022982120513916016,0.024188995361328125,0.025671005249023438,0.025735139846801758,0.03421497344970703,0.02313709259033203,0.02291703224182129,0.02299785614013672
method_logging_no_check,CUBE,true,0.20300698280334473,0.3810389041900635,0.2623119354248047,0.20269393920898438,0.19354510307312012,0.22463107109069824,0.25728416442871094,0.20032906532287598,0.2382650375366211,0.22257018089294434,0.20007705688476562,0.19930696487426758,0.21339201927185059,0.24385809898376465,0.2547268867492676,0.26983094215393066,0.2212390899658203,0.24935007095336914,0.27123594284057617,0.2514808177947998,0.18489289283752441,0.21311187744140625,0.21157193183898926,0.20447993278503418,0.20795011520385742,0.14770793914794922,0.19660401344299316,0.20119500160217285,0.21177077293395996,0.22800683975219727,0.2095949649810791,0.22336387634277344,0.2641870975494385,0.25372791290283203,0.22649598121643066,0.25632810592651367,0.21037817001342773,0.20960783958435059,0.22890210151672363,0.20900297164916992,0.22348594665527344,0.21328496932983398,0.2295970916748047,0.24520111083984375,0.17415690422058105,0.2296738624572754,0.23173999786376953,0.22145915031433105,0.21242809295654297,0.25870180130004883
method_logging_no_check,ROSENBR,false,0.015053033828735352,0.014693975448608398,0.014604806900024414,0.014803886413574219,0.014628171920776367,0.015349149703979492,0.016231060028076172,0.01625800132751465,0.02544713020324707,0.014596223831176758,0.014774799346923828,0.014644861221313477,0.014551877975463867,0.01455998420715332,0.014518022537231445,0.014919042587280273,0.0162200927734375,0.01644611358642578,0.016386032104492188,0.01647806167602539,0.025519847869873047,0.01480412483215332,0.014990091323852539,0.01468205451965332,0.014648914337158203,0.014638900756835938,0.014760971069335938,0.016089200973510742,0.01632213592529297,0.01644587516784668,0.016417980194091797,0.025897979736328125,0.014715909957885742,0.014908075332641602,0.014603137969970703,0.014693975448608398,0.014714956283569336,0.014628887176513672,0.015552997589111328,0.016325950622558594,0.01635003089904785,0.016450166702270508,0.026417016983032227,0.014741897583007812,0.014862060546875,0.014794111251831055,0.014557838439941406,0.01482701301574707,0.014654159545898438,0.01477503776550293
method_logging_no_check,ROSENBR,true,0.1200401782989502,0.24405217170715332,0.22025084495544434,0.14812612533569336,0.1893930435180664,0.12108612060546875,0.19441509246826172,0.1624610424041748,0.1823420524597168,0.17676901817321777,0.2032299041748047,0.1979050636291504,0.15604782104492188,0.20754408836364746,0.27951884269714355,0.20166802406311035,0.15315890312194824,0.18718600273132324,0.1457219123840332,0.1558079719543457,0.21232104301452637,0.19419598579406738,0.13792085647583008,0.19287800788879395,0.16430306434631348,0.22334909439086914,0.1665821075439453,0.20702886581420898,0.1785881519317627,0.28572607040405273,0.12065601348876953,0.20981407165527344,0.24611282348632812,0.18742680549621582,0.20879793167114258,0.1607198715209961,0.19383716583251953,0.2685680389404297,0.12691783905029297,0.22737407684326172,0.18680810928344727,0.1622791290283203,0.20235395431518555,0.17992115020751953,0.2143850326538086,0.16410398483276367,0.1490800380706787,0.1745901107788086,0.18886804580688477,0.1293501853942871
method_logging_no_check,HILBERTB,false,0.0001399517059326172,0.00012683868408203125,0.000125885009765625,0.0001270771026611328,0.0001270771026611328,0.00012683868408203125,0.00012493133544921875,0.00012493133544921875,0.0001251697540283203,0.00012493133544921875,0.000125885009765625,0.000125885009765625,0.0001251697540283203,0.0001251697540283203,0.00012493133544921875,0.00012493133544921875,0.0001251697540283203,0.00012493133544921875,0.00012493133544921875,0.0001239776611328125,0.00012493133544921875,0.000125885009765625,0.00013303756713867188,0.00012302398681640625,0.00012302398681640625,0.0001239776611328125,0.00012421607971191406,0.00012493133544921875,0.0001239776611328125,0.00012302398681640625,0.00012302398681640625,0.0001239776611328125,0.0001239776611328125,0.0001239776611328125,0.00012302398681640625,0.0001239776611328125,0.00012302398681640625,0.00012302398681640625,0.00012493133544921875,0.000125885009765625,0.0001251697540283203,0.0001239776611328125,0.0001239776611328125,0.00012302398681640625,0.00012302398681640625,0.0001239776611328125,0.0001239776611328125,0.00012302398681640625,0.00012803077697753906,0.00012302398681640625
method_logging_no_check,HILBERTB,true,0.0006489753723144531,0.0005140304565429688,0.0005121231079101562,0.0005059242248535156,0.0005071163177490234,0.0005230903625488281,0.0005071163177490234,0.0004999637603759766,0.0005018711090087891,0.0005049705505371094,0.0005099773406982422,0.0005109310150146484,0.0010950565338134766,0.0005049705505371094,0.0005071163177490234,0.0005059242248535156,0.0005478858947753906,0.0004990100860595703,0.0004901885986328125,0.0004990100860595703,0.0005040168762207031,0.0004968643188476562,0.0007221698760986328,0.0005052089691162109,0.0005037784576416016,0.00049591064453125,0.0004971027374267578,0.000492095947265625,0.0004999637603759766,0.0005030632019042969,0.0005009174346923828,0.0005080699920654297,0.0005040168762207031,0.0005030632019042969,0.00074005126953125,0.0005619525909423828,0.0005090236663818359,0.0006558895111083984,0.0005109310150146484,0.0009918212890625,0.0005021095275878906,0.0004990100860595703,0.0004971027374267578,0.0004940032958984375,0.000514984130859375,0.0005028247833251953,0.0005071163177490234,0.0005040168762207031,0.0004990100860595703,0.0004990100860595703
method_logging_no_check,ARGLINC,false,0.0035851001739501953,0.0032510757446289062,0.0032491683959960938,0.003248929977416992,0.0032439231872558594,0.003245830535888672,0.0032510757446289062,0.0032520294189453125,0.003248929977416992,0.003245115280151367,0.003245830535888672,0.0032491683959960938,0.0035698413848876953,0.0032548904418945312,0.0033180713653564453,0.0035059452056884766,0.003253936767578125,0.0032498836517333984,0.0032470226287841797,0.0032470226287841797,0.003245830535888672,0.003246784210205078,0.003448963165283203,0.003251791000366211,0.0032498836517333984,0.0032470226287841797,0.003248929977416992,0.0034029483795166016,0.0032548904418945312,0.0032470226287841797,0.003634929656982422,0.0032501220703125,0.0034210681915283203,0.0032510757446289062,0.0032491683959960938,0.0032448768615722656,0.0032501220703125,0.0032491683959960938,0.003245830535888672,0.0032410621643066406,0.0032470226287841797,0.003247976303100586,0.0033740997314453125,0.0032529830932617188,0.0032448768615722656,0.0036089420318603516,0.0032439231872558594,0.003432035446166992,0.0032520294189453125,0.0032410621643066406
method_logging_no_check,ARGLINC,true,0.00408482551574707,0.0033419132232666016,0.0035200119018554688,0.003386974334716797,0.003473043441772461,0.0036818981170654297,0.0033049583435058594,0.003348112106323242,0.0034868717193603516,0.003342151641845703,0.0036628246307373047,0.0033359527587890625,0.0033478736877441406,0.0034890174865722656,0.0037238597869873047,0.003306865692138672,0.0033080577850341797,0.003565073013305664,0.0034759044647216797,0.0037860870361328125,0.0033020973205566406,0.003409862518310547,0.003660917282104492,0.0033948421478271484,0.0038480758666992188,0.003337860107421875,0.0034270286560058594,0.003496885299682617,0.0037240982055664062,0.0033080577850341797,0.003323078155517578,0.003567934036254883,0.0034749507904052734,0.0036649703979492188,0.0032968521118164062,0.003297090530395508,0.003487110137939453,0.003345966339111328,0.0036690235137939453,0.0033011436462402344,0.0035529136657714844,0.0033800601959228516,0.0034799575805664062,0.003695964813232422,0.0033309459686279297,0.0033578872680664062,0.003493070602416992,0.003437042236328125,0.0036001205444335938,0.003309965133666992
method_logging_no_check,BROWNAL,false,0.0062291622161865234,0.006073951721191406,0.006051063537597656,0.006042957305908203,0.006345987319946289,0.006332874298095703,0.006049156188964844,0.006067037582397461,0.006057024002075195,0.006371021270751953,0.006094217300415039,0.006044864654541016,0.006051778793334961,0.0060579776763916016,0.0060460567474365234,0.00604701042175293,0.006051063537597656,0.006044149398803711,0.006060123443603516,0.006052970886230469,0.006055116653442383,0.006061077117919922,0.0060520172119140625,0.006062030792236328,0.006042003631591797,0.006051063537597656,0.0061528682708740234,0.00604701042175293,0.006056070327758789,0.0060498714447021484,0.006078958511352539,0.00609588623046875,0.006048917770385742,0.006042957305908203,0.0060689449310302734,0.006043910980224609,0.006042957305908203,0.006059885025024414,0.006042957305908203,0.006049156188964844,0.006062030792236328,0.0060389041900634766,0.006063938140869141,0.006055116653442383,0.006039857864379883,0.006062030792236328,0.006053924560546875,0.006042003631591797,0.006042003631591797,0.0060520172119140625
method_logging_no_check,BROWNAL,true,0.009147882461547852,0.00807499885559082,0.007288217544555664,0.0062940120697021484,0.0066661834716796875,0.006545066833496094,0.006264925003051758,0.006479978561401367,0.006273031234741211,0.006335020065307617,0.006422996520996094,0.006293773651123047,0.006567955017089844,0.006323814392089844,0.006325960159301758,0.0064699649810791016,0.0062830448150634766,0.0064008235931396484,0.00636601448059082,0.006295919418334961,0.006515979766845703,0.006304025650024414,0.006368875503540039,0.006439924240112305,0.006278038024902344,0.0065419673919677734,0.006308078765869141,0.006340980529785156,0.006467103958129883,0.006287813186645508,0.006440877914428711,0.0063669681549072266,0.0063478946685791016,0.006475925445556641,0.006280183792114258,0.006403923034667969,0.006415843963623047,0.0063018798828125,0.006495952606201172,0.006308794021606445,0.0063648223876953125,0.006407976150512695,0.0062792301177978516,0.006536960601806641,0.006325960159301758,0.00631403923034668,0.006439924240112305,0.006280183792114258,0.006399869918823242,0.006369113922119141
method_logging_no_check,GENROSE,false,1.0261249542236328,1.0242629051208496,1.0229809284210205,1.0239758491516113,1.0317609310150146,1.02268385887146,1.0235240459442139,1.0217549800872803,1.0217208862304688,1.0239801406860352,1.0224049091339111,1.024975061416626,1.0244450569152832,1.0343208312988281,1.0233790874481201,1.020885944366455,1.0246329307556152,1.0240929126739502,1.0242929458618164,1.0267629623413086,1.0230770111083984,1.0245211124420166,1.0325710773468018,1.0197129249572754,1.0205459594726562,1.0208449363708496,1.0197598934173584,1.0212249755859375,1.025230884552002,1.0251100063323975,1.0320289134979248,1.033440113067627,1.0265388488769531,1.0254409313201904,1.0244801044464111,1.0218818187713623,1.02193284034729,1.024629831314087,1.022139072418213,1.0215849876403809,1.0355348587036133,1.0216310024261475,1.0211129188537598,1.0254120826721191,1.0194299221038818,1.0234050750732422,1.0252821445465088,1.0224058628082275,1.0219769477844238,1.0345518589019775
method_logging_no_check,GENROSE,true,1.3181209564208984,1.1632399559020996,1.1921861171722412,1.3423378467559814,1.194173812866211,1.2174417972564697,1.3667500019073486,1.248918056488037,1.3003480434417725,1.269975185394287,1.2431268692016602,1.2508180141448975,1.290226936340332,1.1564440727233887,1.204833984375,1.193209171295166,1.2545971870422363,1.2566108703613281,1.209143877029419,1.218122959136963,1.291963815689087,1.2613811492919922,1.2547879219055176,1.3598220348358154,1.3393299579620361,1.2577729225158691,1.2234070301055908,1.2909941673278809,1.3642899990081787,1.2966949939727783,1.2874829769134521,1.272139072418213,1.2760159969329834,1.2204439640045166,1.1973118782043457,1.3135738372802734,1.238671064376831,1.3965139389038086,1.1753170490264893,1.2612969875335693,1.21543288230896,1.2829971313476562,1.1542799472808838,1.270190954208374,1.4361310005187988,1.222348928451538,1.1828680038452148,1.1644351482391357,1.238232135772705,1.1843540668487549
method_logging_no_check,PENALTY1,false,0.0017409324645996094,0.0017240047454833984,0.0017299652099609375,0.0017271041870117188,0.0017299652099609375,0.0017330646514892578,0.001722097396850586,0.0017178058624267578,0.001734018325805664,0.0017271041870117188,0.0017349720001220703,0.001728057861328125,0.0017299652099609375,0.001728057861328125,0.0017349720001220703,0.0017688274383544922,0.0017261505126953125,0.0017249584197998047,0.0017290115356445312,0.001728057861328125,0.001725912094116211,0.0017268657684326172,0.0017249584197998047,0.00173187255859375,0.0017330646514892578,0.0017409324645996094,0.0017039775848388672,0.0017070770263671875,0.0017049312591552734,0.0017061233520507812,0.0017020702362060547,0.0017058849334716797,0.0017061233520507812,0.0017080307006835938,0.0017099380493164062,0.0017120838165283203,0.0017018318176269531,0.0017130374908447266,0.0017189979553222656,0.0017268657684326172,0.0017290115356445312,0.001734018325805664,0.0017261505126953125,0.0017299652099609375,0.0017361640930175781,0.001711130142211914,0.0017039775848388672,0.0017008781433105469,0.0017070770263671875,0.001703023910522461
method_logging_no_check,PENALTY1,true,0.0019538402557373047,0.0019419193267822266,0.0018169879913330078,0.0018589496612548828,0.0018420219421386719,0.0018110275268554688,0.00179290771484375,0.00180816650390625,0.0017910003662109375,0.0017960071563720703,0.0018150806427001953,0.001798868179321289,0.0018439292907714844,0.0018069744110107422,0.0018029212951660156,0.0017859935760498047,0.0017981529235839844,0.0017881393432617188,0.00179290771484375,0.0021522045135498047,0.0018188953399658203,0.0018401145935058594,0.0017969608306884766,0.001798868179321289,0.0017910003662109375,0.0017981529235839844,0.0018010139465332031,0.0017919540405273438,0.0018799304962158203,0.0018010139465332031,0.0018298625946044922,0.0018219947814941406,0.0018010139465332031,0.0017881393432617188,0.0018019676208496094,0.0017940998077392578,0.001786947250366211,0.0018298625946044922,0.0017969608306884766,0.0018439292907714844,0.001814126968383789,0.001811981201171875,0.0017960071563720703,0.0018029212951660156,0.0018019676208496094,0.0017931461334228516,0.0018310546875,0.001828908920288086,0.0018529891967773438,0.0018148422241210938
method_logging_no_check,SBRYBND,false,0.009745121002197266,0.009768009185791016,0.009733915328979492,0.009747982025146484,0.009752035140991211,0.009733200073242188,0.009784936904907227,0.009730100631713867,0.009742021560668945,0.009732961654663086,0.009724140167236328,0.009826898574829102,0.00974893569946289,0.00976109504699707,0.009738922119140625,0.009788990020751953,0.009794950485229492,0.009733915328979492,0.009740114212036133,0.009734869003295898,0.009773969650268555,0.009766101837158203,0.009739160537719727,0.009752988815307617,0.009733200073242188,0.009766101837158203,0.009756088256835938,0.009760856628417969,0.009738922119140625,0.009724140167236328,0.00973200798034668,0.009727001190185547,0.009798049926757812,0.009747982025146484,0.009727001190185547,0.009784936904907227,0.010017871856689453,0.009888172149658203,0.009785890579223633,0.009737968444824219,0.009762048721313477,0.009718894958496094,0.009762048721313477,0.009740114212036133,0.009756088256835938,0.009738922119140625,0.009733915328979492,0.009774208068847656,0.009979009628295898,0.01017308235168457
method_logging_no_check,SBRYBND,true,0.014696836471557617,0.010357856750488281,0.010434865951538086,0.010062932968139648,0.009942054748535156,0.010114192962646484,0.009902000427246094,0.00993800163269043,0.00989222526550293,0.009887933731079102,0.009883880615234375,0.009855985641479492,0.009917020797729492,0.009881973266601562,0.009866952896118164,0.00987696647644043,0.009863138198852539,0.009935855865478516,0.009854793548583984,0.0099029541015625,0.009879112243652344,0.009858131408691406,0.009930133819580078,0.009870052337646484,0.00989985466003418,0.009897947311401367,0.009871959686279297,0.009907007217407227,0.009882926940917969,0.009885787963867188,0.009860992431640625,0.009881019592285156,0.009894847869873047,0.00985407829284668,0.009879112243652344,0.009885072708129883,0.009916067123413086,0.009927988052368164,0.009844064712524414,0.009870052337646484,0.009865999221801758,0.009875059127807617,0.009935140609741211,0.00985097885131836,0.009884119033813477,0.009863853454589844,0.009886026382446289,0.009898900985717773,0.00984811782836914,0.009917974472045898
method_krylov,CUBE,false,0.022367000579833984,0.03009796142578125,0.02290797233581543,0.02259206771850586,0.02196192741394043,0.024380207061767578,0.024804115295410156,0.025783061981201172,0.03360795974731445,0.022706031799316406,0.0224609375,0.022970914840698242,0.022897005081176758,0.02564716339111328,0.024860143661499023,0.03476691246032715,0.02220606803894043,0.021858930587768555,0.021754026412963867,0.022374868392944336,0.024776935577392578,0.02466106414794922,0.034053802490234375,0.02217888832092285,0.021986961364746094,0.022046804428100586,0.02199411392211914,0.024644851684570312,0.024888992309570312,0.034913063049316406,0.022243022918701172,0.022396087646484375,0.021970033645629883,0.022270917892456055,0.024242877960205078,0.025697946548461914,0.03678607940673828,0.02303290367126465,0.02244114875793457,0.022098064422607422,0.021855831146240234,0.02361607551574707,0.024691104888916016,0.024773836135864258,0.03289198875427246,0.02240896224975586,0.022011995315551758,0.02213311195373535,0.023153066635131836,0.024776935577392578
method_krylov,CUBE,true,0.07412290573120117,0.13964104652404785,0.0713191032409668,0.18567514419555664,0.10579395294189453,0.14966201782226562,0.16431403160095215,0.1179800033569336,0.0973808765411377,0.15453886985778809,0.1229560375213623,0.09591388702392578,0.0823221206665039,0.09786605834960938,0.13426613807678223,0.136124849319458,0.13815999031066895,0.10785889625549316,0.17456507682800293,0.09815311431884766,0.12743902206420898,0.09403300285339355,0.1102590560913086,0.14377784729003906,0.1468658447265625,0.1058950424194336,0.1508629322052002,0.09787511825561523,0.14029908180236816,0.15044903755187988,0.09923601150512695,0.1424400806427002,0.1314680576324463,0.1622600555419922,0.09239602088928223,0.10262012481689453,0.13624000549316406,0.10255312919616699,0.1143500804901123,0.05712294578552246,0.09066200256347656,0.07959699630737305,0.14703798294067383,0.11975789070129395,0.14389610290527344,0.10257482528686523,0.07612180709838867,0.11939406394958496,0.1127939224243164,0.11423397064208984
method_krylov,ROSENBR,false,0.02462482452392578,0.014029979705810547,0.014256000518798828,0.013959884643554688,0.013979196548461914,0.014041900634765625,0.01397705078125,0.014880895614624023,0.015599966049194336,0.015607118606567383,0.01564788818359375,0.02611684799194336,0.014015913009643555,0.014277935028076172,0.014245986938476562,0.01400303840637207,0.013992071151733398,0.014039039611816406,0.014187812805175781,0.01564502716064453,0.015622854232788086,0.01565098762512207,0.01566791534423828,0.02463388442993164,0.014219045639038086,0.014300107955932617,0.014062881469726562,0.014060020446777344,0.01399683952331543,0.01391911506652832,0.015268087387084961,0.01563096046447754,0.015647172927856445,0.015626907348632812,0.025116920471191406,0.014023065567016602,0.014261960983276367,0.014111995697021484,0.014056921005249023,0.013963937759399414,0.014039039611816406,0.014580965042114258,0.015613079071044922,0.015595197677612305,0.01567697525024414,0.015661954879760742,0.024387121200561523,0.014127969741821289,0.014216899871826172,0.013983964920043945
method_krylov,ROSENBR,true,0.04405689239501953,0.0906069278717041,0.1030721664428711,0.13367700576782227,0.1338510513305664,0.06951403617858887,0.14021015167236328,0.07744097709655762,0.07345890998840332,0.09652304649353027,0.07321906089782715,0.09764599800109863,0.08337903022766113,0.04181194305419922,0.13108086585998535,0.0924079418182373,0.12428998947143555,0.13512706756591797,0.09378504753112793,0.10170602798461914,0.043714046478271484,0.06963801383972168,0.1332700252532959,0.08598589897155762,0.1269989013671875,0.060441017150878906,0.10570502281188965,0.04607510566711426,0.07195091247558594,0.05045294761657715,0.08097505569458008,0.09366607666015625,0.04295206069946289,0.04449915885925293,0.10313582420349121,0.10106897354125977,0.07828402519226074,0.04444098472595215,0.15704798698425293,0.08161807060241699,0.10380101203918457,0.08120012283325195,0.051811933517456055,0.11382818222045898,0.1066288948059082,0.06849098205566406,0.09242796897888184,0.11951398849487305,0.068511962890625,0.13024210929870605
method_krylov,HILBERTB,false,0.00014019012451171875,0.0001220703125,0.00012087821960449219,0.00012087821960449219,0.00012183189392089844,0.00012302398681640625,0.0001239776611328125,0.0001239776611328125,0.00012302398681640625,0.00012183189392089844,0.00012087821960449219,0.00012183189392089844,0.00012087821960449219,0.00012087821960449219,0.00012087821960449219,0.00012183189392089844,0.00012087821960449219,0.00011992454528808594,0.00012087821960449219,0.00012302398681640625,0.00012493133544921875,0.0001220703125,0.0001220703125,0.00012302398681640625,0.00012183189392089844,0.00012183189392089844,0.00012683868408203125,0.00012302398681640625,0.00012183189392089844,0.00012183189392089844,0.0001239776611328125,0.0001220703125,0.0001239776611328125,0.0001220703125,0.0001220703125,0.00012302398681640625,0.0001220703125,0.0001220703125,0.0001220703125,0.00012302398681640625,0.00012183189392089844,0.00012183189392089844,0.0001220703125,0.00012111663818359375,0.00012111663818359375,0.00012111663818359375,0.00012111663818359375,0.00012087821960449219,0.00012183189392089844,0.00012087821960449219
method_krylov,HILBERTB,true,0.0002799034118652344,0.000225067138671875,0.00023293495178222656,0.00023102760314941406,0.0002238750457763672,0.00022101402282714844,0.000225067138671875,0.0002238750457763672,0.0002288818359375,0.0002231597900390625,0.00022792816162109375,0.000225067138671875,0.0002231597900390625,0.00022411346435546875,0.00022101402282714844,0.0002200603485107422,0.000225067138671875,0.00034499168395996094,0.00023102760314941406,0.0002269744873046875,0.00022602081298828125,0.0002231597900390625,0.00022292137145996094,0.0002231597900390625,0.00022482872009277344,0.00022482872009277344,0.000225067138671875,0.0002219676971435547,0.00022411346435546875,0.00022292137145996094,0.000244140625,0.00022101402282714844,0.00022101402282714844,0.0002231597900390625,0.0002219676971435547,0.0002219676971435547,0.00022101402282714844,0.0002238750457763672,0.00022077560424804688,0.00022292137145996094,0.000225067138671875,0.00022292137145996094,0.00045800209045410156,0.000244140625,0.0002231597900390625,0.0002200603485107422,0.00022101402282714844,0.00021982192993164062,0.0002200603485107422,0.00021910667419433594
method_krylov,ARGLINC,false,0.0037698745727539062,0.0037469863891601562,0.0032520294189453125,0.0032439231872558594,0.0032439231872558594,0.0033910274505615234,0.0038721561431884766,0.003286123275756836,0.003245115280151367,0.0032448768615722656,0.00397801399230957,0.003403186798095703,0.0032439231872558594,0.003247976303100586,0.0032439231872558594,0.003690958023071289,0.003403902053833008,0.003242969512939453,0.0032808780670166016,0.003242015838623047,0.003701925277709961,0.0035109519958496094,0.0032491683959960938,0.0032439231872558594,0.003242969512939453,0.0041310787200927734,0.003251791000366211,0.0032460689544677734,0.003240823745727539,0.0032448768615722656,0.00380706787109375,0.0032501220703125,0.003242015838623047,0.0032460689544677734,0.0032432079315185547,0.0038678646087646484,0.003428936004638672,0.0032470226287841797,0.0032460689544677734,0.003435850143432617,0.003975868225097656,0.003248929977416992,0.0032439231872558594,0.003242969512939453,0.0033659934997558594,0.0036988258361816406,0.0032460689544677734,0.0032460689544677734,0.003248929977416992,0.0036878585815429688
method_krylov,ARGLINC,true,0.0037789344787597656,0.0034630298614501953,0.0033359527587890625,0.003262042999267578,0.0032701492309570312,0.003316164016723633,0.003342151641845703,0.003704071044921875,0.0033838748931884766,0.0033578872680664062,0.0037848949432373047,0.003378152847290039,0.0033550262451171875,0.0033240318298339844,0.0033288002014160156,0.0033359527587890625,0.003370046615600586,0.003329038619995117,0.0032939910888671875,0.0040171146392822266,0.003376007080078125,0.0033330917358398438,0.003361940383911133,0.0032830238342285156,0.0033369064331054688,0.003304004669189453,0.003275156021118164,0.003262042999267578,0.0032570362091064453,0.0033011436462402344,0.0033049583435058594,0.0032777786254882812,0.0032629966735839844,0.003262042999267578,0.003306150436401367,0.0033130645751953125,0.003282785415649414,0.003268003463745117,0.003259897232055664,0.003283977508544922,0.0033071041107177734,0.0032770633697509766,0.0032601356506347656,0.003256082534790039,0.0033071041107177734,0.003306865692138672,0.003284931182861328,0.003268003463745117,0.003255128860473633,0.003278017044067383
method_krylov,BROWNAL,false,0.006228923797607422,0.006094932556152344,0.0060558319091796875,0.0060460567474365234,0.006250858306884766,0.00604701042175293,0.006043910980224609,0.006403923034667969,0.006062030792236328,0.006048917770385742,0.006067991256713867,0.006043910980224609,0.006095170974731445,0.00608515739440918,0.006073951721191406,0.006145000457763672,0.006070137023925781,0.006048917770385742,0.0060770511627197266,0.0060579776763916016,0.006073951721191406,0.006057024002075195,0.0060579776763916016,0.00608515739440918,0.0060498714447021484,0.006053924560546875,0.0060770511627197266,0.006048917770385742,0.006078958511352539,0.006070137023925781,0.006045103073120117,0.006065845489501953,0.006050825119018555,0.006045103073120117,0.00606083869934082,0.006045103073120117,0.006042957305908203,0.006072998046875,0.00604701042175293,0.006043910980224609,0.0060770511627197266,0.006042003631591797,0.0060520172119140625,0.006062984466552734,0.0060460567474365234,0.006049156188964844,0.006052970886230469,0.006044864654541016,0.006064891815185547,0.0060579776763916016
method_krylov,BROWNAL,true,0.006429910659790039,0.006134986877441406,0.0061550140380859375,0.006206035614013672,0.006120920181274414,0.00618290901184082,0.00631403923034668,0.006186008453369141,0.006257057189941406,0.006164073944091797,0.00613713264465332,0.006187915802001953,0.006125926971435547,0.00616002082824707,0.00627899169921875,0.0061299800872802734,0.006175041198730469,0.006145954132080078,0.006138801574707031,0.006265878677368164,0.006206989288330078,0.0062520503997802734,0.006206989288330078,0.0061571598052978516,0.006246089935302734,0.00616002082824707,0.0061380863189697266,0.006267070770263672,0.006147861480712891,0.0061779022216796875,0.006273984909057617,0.006117820739746094,0.006246089935302734,0.00619816780090332,0.006129026412963867,0.006286144256591797,0.006142139434814453,0.0061528682708740234,0.006265163421630859,0.006124019622802734,0.006175041198730469,0.006250143051147461,0.006150007247924805,0.0062410831451416016,0.006128072738647461,0.0061528682708740234,0.0062520503997802734,0.006111860275268555,0.006184101104736328,0.006223917007446289
method_krylov,GENROSE,false,1.0279860496520996,1.0260109901428223,1.018690824508667,1.0202059745788574,1.0241398811340332,1.0295741558074951,1.0204029083251953,1.0210049152374268,1.0195469856262207,1.0202019214630127,1.018470048904419,1.0218141078948975,1.0221869945526123,1.0209429264068604,1.0300309658050537,1.0188930034637451,1.0187251567840576,1.018738031387329,1.01987886428833,1.0185949802398682,1.0241079330444336,1.0211520195007324,1.0227000713348389,1.0326621532440186,1.0193119049072266,1.0197081565856934,1.035079002380371,1.020833969116211,1.020963191986084,1.0233359336853027,1.021960973739624,1.0259959697723389,1.0305149555206299,1.0203969478607178,1.021752119064331,1.020754098892212,1.021888017654419,1.0207550525665283,1.022913932800293,1.0216209888458252,1.0326218605041504,1.0217900276184082,1.0213959217071533,1.0205190181732178,1.0211899280548096,1.0191948413848877,1.0234451293945312,1.0221991539001465,1.0210628509521484,1.0311319828033447
method_krylov,GENROSE,true,1.2252600193023682,1.1116418838500977,1.084439992904663,1.0807669162750244,1.1363909244537354,1.1743340492248535,1.0849277973175049,1.1376190185546875,1.2051429748535156,1.2673859596252441,1.1526880264282227,1.3553860187530518,1.180379867553711,1.1219379901885986,1.1192331314086914,1.0950450897216797,1.2007720470428467,1.1323108673095703,1.1460001468658447,1.0897250175476074,1.0772740840911865,1.068842887878418,1.0867600440979004,1.077847957611084,1.07029390335083,1.1375479698181152,1.116075038909912,1.1479849815368652,1.1451199054718018,1.1441819667816162,1.1419398784637451,1.1994900703430176,1.154465913772583,1.1322979927062988,1.1574339866638184,1.1770939826965332,1.204712152481079,1.2210302352905273,1.081446886062622,1.2220768928527832,1.1681029796600342,1.0687899589538574,1.1321039199829102,1.0973429679870605,1.083010196685791,1.1261460781097412,1.0779170989990234,1.1076061725616455,1.119894027709961,1.1040480136871338
method_krylov,PENALTY1,false,0.0017499923706054688,0.0017130374908447266,0.0017130374908447266,0.001705169677734375,0.0017027854919433594,0.001708984375,0.002249002456665039,0.002719879150390625,0.0018110275268554688,0.0017261505126953125,0.001734018325805664,0.0017352104187011719,0.0017309188842773438,0.0017290115356445312,0.002012014389038086,0.0021979808807373047,0.0020799636840820312,0.0017049312591552734,0.0017271041870117188,0.0017290115356445312,0.0017230510711669922,0.001728057861328125,0.0017240047454833984,0.0018911361694335938,0.001728057861328125,0.0017337799072265625,0.0017299652099609375,0.0017321109771728516,0.0017271041870117188,0.001725912094116211,0.0017290115356445312,0.0017261505126953125,0.0019459724426269531,0.00173187255859375,0.001714944839477539,0.001722097396850586,0.0017330646514892578,0.0017189979553222656,0.0017290115356445312,0.001725912094116211,0.001734018325805664,0.0017261505126953125,0.001734018325805664,0.0017080307006835938,0.0017189979553222656,0.0017070770263671875,0.0017261505126953125,0.001728057861328125,0.0017299652099609375,0.0017380714416503906
method_krylov,PENALTY1,true,0.001783132553100586,0.0017490386962890625,0.0017368793487548828,0.001772165298461914,0.0017819404602050781,0.0017979145050048828,0.0017409324645996094,0.0017368793487548828,0.0017399787902832031,0.0017349720001220703,0.0017330646514892578,0.001786947250366211,0.0017712116241455078,0.0017437934875488281,0.0017409324645996094,0.0017371177673339844,0.0017440319061279297,0.001728057861328125,0.0017390251159667969,0.0017328262329101562,0.0017511844635009766,0.0017778873443603516,0.0017580986022949219,0.001741170883178711,0.0017368793487548828,0.001737833023071289,0.001734018325805664,0.0017390251159667969,0.0017249584197998047,0.001734018325805664,0.0017800331115722656,0.0017499923706054688,0.0017371177673339844,0.0017621517181396484,0.0026171207427978516,0.001901865005493164,0.0017609596252441406,0.0017328262329101562,0.0017681121826171875,0.0017580986022949219,0.001753091812133789,0.0017468929290771484,0.0017559528350830078,0.0017518997192382812,0.001753091812133789,0.0017352104187011719,0.001741170883178711,0.0017440319061279297,0.0017919540405273438,0.0017588138580322266
method_krylov,SBRYBND,false,0.009871959686279297,0.010029077529907227,0.009984016418457031,0.009865999221801758,0.010025978088378906,0.009795188903808594,0.00998997688293457,0.010012149810791016,0.009806156158447266,0.009861946105957031,0.009786844253540039,0.009826183319091797,0.009800195693969727,0.009858846664428711,0.009847879409790039,0.009786128997802734,0.009833097457885742,0.009801149368286133,0.009835958480834961,0.009855031967163086,0.00978708267211914,0.009834051132202148,0.009773969650268555,0.0098419189453125,0.009873151779174805,0.009803056716918945,0.009824037551879883,0.00978708267211914,0.009855031967163086,0.00984501838684082,0.009800910949707031,0.00982809066772461,0.009798049926757812,0.009814977645874023,0.00981283187866211,0.009842872619628906,0.00982809066772461,0.009788990020751953,0.009799003601074219,0.009802103042602539,0.00987100601196289,0.009807825088500977,0.009783029556274414,0.009829044342041016,0.009797096252441406,0.009808063507080078,0.009802103042602539,0.009976863861083984,0.009810924530029297,0.00987100601196289
method_krylov,SBRYBND,true,0.009881973266601562,0.009830951690673828,0.00984811782836914,0.009855031967163086,0.009834051132202148,0.009855031967163086,0.009821891784667969,0.00989079475402832,0.0099029541015625,0.009920835494995117,0.010068893432617188,0.010008096694946289,0.010036945343017578,0.009898900985717773,0.009895086288452148,0.00990605354309082,0.009846925735473633,0.009994983673095703,0.009904861450195312,0.009859085083007812,0.009923934936523438,0.009829998016357422,0.009949922561645508,0.009888887405395508,0.009871959686279297,0.009929895401000977,0.009819984436035156,0.009965181350708008,0.009897947311401367,0.00983119010925293,0.00991201400756836,0.009816884994506836,0.009909868240356445,0.009875059127807617,0.009836196899414062,0.009891033172607422,0.009927988052368164,0.009936094284057617,0.009888172149658203,0.009968042373657227,0.009872913360595703,0.009829998016357422,0.00992584228515625,0.009863138198852539,0.0098419189453125,0.009834051132202148,0.009825944900512695,0.009847879409790039,0.009809017181396484,0.009829998016357422
method_formatter,CUBE,false,0.023092985153198242,0.022390127182006836,0.02203989028930664,0.02210211753845215,0.023838043212890625,0.0321049690246582,0.022117137908935547,0.022311925888061523,0.022156953811645508,0.022343158721923828,0.02420520782470703,0.024808168411254883,0.024831056594848633,0.03329586982727051,0.022381067276000977,0.022282123565673828,0.022163867950439453,0.02322697639465332,0.024729013442993164,0.02480292320251465,0.03441905975341797,0.022871971130371094,0.022207021713256836,0.022112131118774414,0.02261805534362793,0.02474188804626465,0.02466106414794922,0.03409695625305176,0.022472858428955078,0.02246713638305664,0.022173166275024414,0.02231597900390625,0.024922847747802734,0.024836063385009766,0.034538984298706055,0.022472143173217773,0.022517919540405273,0.02230381965637207,0.022202014923095703,0.024428129196166992,0.02483201026916504,0.035188913345336914,0.022099971771240234,0.022519826889038086,0.022305965423583984,0.022327899932861328,0.02378392219543457,0.024853944778442383,0.02480602264404297,0.03285980224609375
method_formatter,CUBE,true,0.2319319248199463,0.27606201171875,0.19314289093017578,0.2707231044769287,0.22886300086975098,0.23125696182250977,0.1763160228729248,0.19953203201293945,0.21562695503234863,0.231611967086792,0.2658400535583496,0.1760578155517578,0.21587800979614258,0.2955460548400879,0.25679492950439453,0.2861809730529785,0.2339949607849121,0.2716538906097412,0.24007916450500488,0.2129199504852295,0.22430109977722168,0.21810007095336914,0.21737098693847656,0.23891901969909668,0.2730679512023926,0.3744640350341797,0.2703409194946289,0.24407005310058594,0.20517802238464355,0.20963788032531738,0.2444000244140625,0.26007604598999023,0.2530040740966797,0.23944497108459473,0.2989640235900879,0.21541404724121094,0.2394239902496338,0.23526883125305176,0.22979521751403809,0.24851608276367188,0.22406911849975586,0.21797609329223633,0.20888400077819824,0.21018600463867188,0.20461297035217285,0.25247788429260254,0.23821401596069336,0.2297351360321045,0.22234201431274414,0.24526405334472656
method_formatter,ROSENBR,false,0.014114141464233398,0.014579057693481445,0.02514505386352539,0.014190912246704102,0.014405012130737305,0.01408696174621582,0.014083147048950195,0.01405787467956543,0.013942956924438477,0.015177011489868164,0.01568317413330078,0.0157167911529541,0.01576399803161621,0.02602386474609375,0.014137029647827148,0.014235973358154297,0.014063835144042969,0.01401209831237793,0.014150142669677734,0.013994932174682617,0.014425039291381836,0.015771150588989258,0.015810012817382812,0.015592813491821289,0.01573801040649414,0.024425983428955078,0.014184951782226562,0.014400005340576172,0.014021873474121094,0.013986825942993164,0.014133930206298828,0.013998031616210938,0.015505075454711914,0.015604972839355469,0.01585698127746582,0.01563096046447754,0.025166988372802734,0.014173030853271484,0.014375925064086914,0.014065027236938477,0.01409292221069336,0.014067888259887695,0.013892889022827148,0.014788150787353516,0.01567387580871582,0.016036033630371094,0.015676021575927734,0.02586507797241211,0.01407003402709961,0.014194011688232422
method_formatter,ROSENBR,true,0.1173708438873291,0.19582796096801758,0.19040608406066895,0.18299484252929688,0.16131997108459473,0.17989778518676758,0.15323591232299805,0.20032286643981934,0.16946697235107422,0.20801019668579102,0.2047100067138672,0.1842339038848877,0.15218400955200195,0.2038710117340088,0.1927027702331543,0.22086000442504883,0.17832398414611816,0.12953615188598633,0.25551509857177734,0.19190001487731934,0.18487095832824707,0.20576000213623047,0.18998289108276367,0.1915440559387207,0.17995095252990723,0.20351195335388184,0.17378902435302734,0.21963191032409668,0.20243310928344727,0.16031408309936523,0.17528104782104492,0.27522897720336914,0.19381308555603027,0.16452503204345703,0.1896829605102539,0.20363998413085938,0.21967601776123047,0.17213797569274902,0.20952200889587402,0.212432861328125,0.13086318969726562,0.22611403465270996,0.23876309394836426,0.20095205307006836,0.15699005126953125,0.18254303932189941,0.22106504440307617,0.16908597946166992,0.13402891159057617,0.22416114807128906
method_formatter,HILBERTB,false,0.00015306472778320312,0.0001289844512939453,0.0001270771026611328,0.00012683868408203125,0.0001270771026611328,0.00012803077697753906,0.0001270771026611328,0.000125885009765625,0.00012493133544921875,0.00012493133544921875,0.0001251697540283203,0.0001251697540283203,0.00012612342834472656,0.00012612342834472656,0.00013709068298339844,0.000125885009765625,0.000125885009765625,0.00012612342834472656,0.0001251697540283203,0.00012493133544921875,0.00012493133544921875,0.00012493133544921875,0.0001251697540283203,0.0001251697540283203,0.00012493133544921875,0.00012493133544921875,0.000125885009765625,0.0001239776611328125,0.0001251697540283203,0.00012493133544921875,0.00012493133544921875,0.00012493133544921875,0.00012493133544921875,0.00012493133544921875,0.0001239776611328125,0.00012493133544921875,0.00012493133544921875,0.00012493133544921875,0.00012493133544921875,0.0001289844512939453,0.00012493133544921875,0.0001239776611328125,0.0001239776611328125,0.0001239776611328125,0.00012493133544921875,0.00012493133544921875,0.00012493133544921875,0.000125885009765625,0.00012493133544921875,0.00012612342834472656
method_formatter,HILBERTB,true,0.0006930828094482422,0.0005309581756591797,0.0005209445953369141,0.0005581378936767578,0.0005300045013427734,0.0005211830139160156,0.0005440711975097656,0.0005218982696533203,0.0005230903625488281,0.0005350112915039062,0.0005481243133544922,0.0005271434783935547,0.0005290508270263672,0.0006201267242431641,0.0006909370422363281,0.0005629062652587891,0.0005888938903808594,0.0005609989166259766,0.0005478858947753906,0.0005991458892822266,0.0006439685821533203,0.0005428791046142578,0.0005669593811035156,0.0011761188507080078,0.0005750656127929688,0.0005891323089599609,0.0005571842193603516,0.0005509853363037109,0.0006539821624755859,0.0005578994750976562,0.0005459785461425781,0.0006320476531982422,0.0005419254302978516,0.0005400180816650391,0.0006639957427978516,0.0005540847778320312,0.0005390644073486328,0.0005362033843994141,0.0006210803985595703,0.0006041526794433594,0.0005619525909423828,0.0006368160247802734,0.0005469322204589844,0.0005459785461425781,0.0006148815155029297,0.0005550384521484375,0.0005369186401367188,0.0006201267242431641,0.0006449222564697266,0.0005309581756591797
method_formatter,ARGLINC,false,0.003721952438354492,0.003267049789428711,0.0032501220703125,0.003255128860473633,0.0032470226287841797,0.003255128860473633,0.003258943557739258,0.0032470226287841797,0.0032470226287841797,0.0032470226287841797,0.0032770633697509766,0.0032608509063720703,0.003244161605834961,0.0032491683959960938,0.003245830535888672,0.0032608509063720703,0.003255128860473633,0.0032470226287841797,0.0032470226287841797,0.003242969512939453,0.003320932388305664,0.0032660961151123047,0.0032529830932617188,0.003253936767578125,0.0032470226287841797,0.0032761096954345703,0.003269195556640625,0.003247976303100586,0.0032439231872558594,0.0032470226287841797,0.0032579898834228516,0.003255128860473633,0.0032448768615722656,0.003247976303100586,0.003258943557739258,0.003278970718383789,0.003262042999267578,0.0032470226287841797,0.003247976303100586,0.003242969512939453,0.0032651424407958984,0.0032689571380615234,0.0032541751861572266,0.0032470226287841797,0.003242015838623047,0.0032579898834228516,0.003258943557739258,0.0032520294189453125,0.0032541751861572266,0.0032448768615722656
method_formatter,ARGLINC,true,0.004179954528808594,0.003445863723754883,0.0033881664276123047,0.003364086151123047,0.0033240318298339844,0.0034329891204833984,0.0034351348876953125,0.0034258365631103516,0.003367900848388672,0.003340005874633789,0.003428936004638672,0.0034029483795166016,0.003376007080078125,0.003345966339111328,0.0033681392669677734,0.003412961959838867,0.003376007080078125,0.0033462047576904297,0.00335693359375,0.0033490657806396484,0.003437042236328125,0.003365039825439453,0.0033571720123291016,0.003345012664794922,0.0033588409423828125,0.0033969879150390625,0.003370046615600586,0.003350973129272461,0.003339052200317383,0.0033888816833496094,0.003385782241821289,0.0033578872680664062,0.003351926803588867,0.003332853317260742,0.0033769607543945312,0.0033731460571289062,0.003359079360961914,0.003339052200317383,0.0033338069915771484,0.0033659934997558594,0.0034101009368896484,0.0033609867095947266,0.0033371448516845703,0.0033330917358398438,0.0034101009368896484,0.003386974334716797,0.0033540725708007812,0.003345966339111328,0.0033621788024902344,0.0034308433532714844
method_formatter,BROWNAL,false,0.006350994110107422,0.00610804557800293,0.006081104278564453,0.006101131439208984,0.0060689449310302734,0.006058931350708008,0.006181955337524414,0.006067991256713867,0.006081104278564453,0.006129026412963867,0.006067991256713867,0.006175994873046875,0.006150960922241211,0.0060710906982421875,0.0060808658599853516,0.006145954132080078,0.006308794021606445,0.006185054779052734,0.0060770511627197266,0.006419181823730469,0.006144046783447266,0.006201028823852539,0.00621795654296875,0.006200075149536133,0.0062220096588134766,0.0063250064849853516,0.006374835968017578,0.006164073944091797,0.006129026412963867,0.006114959716796875,0.0062639713287353516,0.006147146224975586,0.00610804557800293,0.006245136260986328,0.006208896636962891,0.00610804557800293,0.006139993667602539,0.0062029361724853516,0.006198883056640625,0.006206989288330078,0.006269931793212891,0.006178855895996094,0.006181001663208008,0.0063478946685791016,0.006476163864135742,0.006217002868652344,0.006224155426025391,0.0063018798828125,0.0063707828521728516,0.006808042526245117
method_formatter,BROWNAL,true,0.007219076156616211,0.006554841995239258,0.007001161575317383,0.00701904296875,0.006729841232299805,0.008141040802001953,0.007108926773071289,0.007313966751098633,0.0068531036376953125,0.007993936538696289,0.00680994987487793,0.006640195846557617,0.007414102554321289,0.006979942321777344,0.007812023162841797,0.007369041442871094,0.008866071701049805,0.0065648555755615234,0.00834798812866211,0.0066471099853515625,0.0069620609283447266,0.007353067398071289,0.006624937057495117,0.00761103630065918,0.013432979583740234,0.006871938705444336,0.00716400146484375,0.007381916046142578,0.006548166275024414,0.007339000701904297,0.0074939727783203125,0.008094072341918945,0.009003877639770508,0.0074310302734375,0.01060795783996582,0.007582902908325195,0.008136987686157227,0.007921934127807617,0.00860595703125,0.007912158966064453,0.009431123733520508,0.008635997772216797,0.009569168090820312,0.009937047958374023,0.03398919105529785,0.009109020233154297,0.017297029495239258,0.01476597785949707,0.016873836517333984,0.01114511489868164
method_formatter,GENROSE,false,1.0408480167388916,1.039438009262085,1.0266120433807373,1.0221350193023682,1.022562026977539,1.025763988494873,1.0370609760284424,1.029433012008667,1.0249640941619873,1.027904987335205,1.0375721454620361,1.0315220355987549,1.025404930114746,1.027414083480835,1.031437873840332,1.0349431037902832,1.0317261219024658,1.039128065109253,1.0372130870819092,1.0408051013946533,1.0305280685424805,1.0241189002990723,1.025866985321045,1.0245630741119385,1.0250070095062256,1.0274488925933838,1.0284090042114258,1.0306990146636963,1.0361778736114502,1.024496078491211,1.0240390300750732,1.0246129035949707,1.0239341259002686,1.0254461765289307,1.0267961025238037,1.0269780158996582,1.0281198024749756,1.040140151977539,1.0260939598083496,1.0274741649627686,1.0271151065826416,1.0280787944793701,1.0262141227722168,1.02789306640625,1.027961015701294,1.0374531745910645,1.0246942043304443,1.0233709812164307,1.0242161750793457,1.0232689380645752
method_formatter,GENROSE,true,1.3352289199829102,1.2593870162963867,1.3116750717163086,1.273378849029541,1.3237740993499756,1.2571799755096436,1.369473934173584,1.4062809944152832,1.2410650253295898,1.220782995223999,1.2612578868865967,1.3726551532745361,1.3766939640045166,1.2524559497833252,1.429884910583496,1.7194530963897705,1.3966162204742432,1.2059838771820068,1.3220551013946533,1.3456101417541504,1.3228189945220947,1.4148988723754883,1.4181509017944336,1.2473571300506592,1.306114912033081,1.382331132888794,1.4339909553527832,1.3051738739013672,1.272089958190918,1.2202739715576172,1.3784210681915283,1.4064769744873047,1.5072999000549316,1.4525880813598633,1.328352928161621,1.2235970497131348,1.3726539611816406,1.4568228721618652,1.3574111461639404,1.3029758930206299,1.4290268421173096,1.3920841217041016,1.4903621673583984,1.2792961597442627,1.2429559230804443,1.2863359451293945,1.1978120803833008,1.2043049335479736,1.3379929065704346,1.3318510055541992
method_formatter,PENALTY1,false,0.001767873764038086,0.0017139911651611328,0.0017271041870117188,0.0017130374908447266,0.0017199516296386719,0.0017118453979492188,0.0017058849334716797,0.0017120838165283203,0.001725912094116211,0.001734018325805664,0.0017118453979492188,0.0017139911651611328,0.001706838607788086,0.0017101764678955078,0.001706838607788086,0.0017189979553222656,0.0017080307006835938,0.001708984375,0.0017080307006835938,0.001708984375,0.001705169677734375,0.0017139911651611328,0.0017118453979492188,0.0017101764678955078,0.001706838607788086,0.0017130374908447266,0.0017099380493164062,0.0017368793487548828,0.0017468929290771484,0.001728057861328125,0.0017058849334716797,0.0017108917236328125,0.001708984375,0.001708984375,0.0017118453979492188,0.0017077922821044922,0.0017120838165283203,0.0017120838165283203,0.0017180442810058594,0.0017070770263671875,0.0017099380493164062,0.0017039775848388672,0.001708984375,0.0017080307006835938,0.001708984375,0.0017058849334716797,0.0017120838165283203,0.0017218589782714844,0.0017209053039550781,0.0017101764678955078
method_formatter,PENALTY1,true,0.00197601318359375,0.0018200874328613281,0.0018050670623779297,0.0018839836120605469,0.0018079280853271484,0.0018110275268554688,0.0018160343170166016,0.0018191337585449219,0.0018818378448486328,0.0018620491027832031,0.0018091201782226562,0.001798868179321289,0.0018129348754882812,0.0018029212951660156,0.0018749237060546875,0.0018551349639892578,0.001825094223022461,0.0018320083618164062,0.0018668174743652344,0.001895904541015625,0.0018129348754882812,0.0018050670623779297,0.0017991065979003906,0.0018100738525390625,0.001873016357421875,0.0018768310546875,0.0018649101257324219,0.0018129348754882812,0.0018069744110107422,0.0017960071563720703,0.0018758773803710938,0.0018219947814941406,0.0018739700317382812,0.0018649101257324219,0.001867055892944336,0.0019369125366210938,0.001811981201171875,0.0018019676208496094,0.0018019676208496094,0.0018050670623779297,0.001856088638305664,0.0018188953399658203,0.0018200874328613281,0.001867055892944336,0.0018398761749267578,0.0018138885498046875,0.0018658638000488281,0.0018031597137451172,0.0018019676208496094,0.0018031597137451172
method_formatter,SBRYBND,false,0.00978398323059082,0.009825944900512695,0.009817838668823242,0.009773015975952148,0.009810924530029297,0.019409894943237305,0.009772062301635742,0.009747982025146484,0.009769201278686523,0.009762048721313477,0.009763956069946289,0.009799957275390625,0.009814023971557617,0.009801149368286133,0.009743928909301758,0.00975489616394043,0.009730815887451172,0.009752988815307617,0.00975799560546875,0.009743928909301758,0.009746074676513672,0.009742021560668945,0.009813070297241211,0.009775161743164062,0.009747982025146484,0.00976705551147461,0.009742021560668945,0.009735107421875,0.009753942489624023,0.009837150573730469,0.009794950485229492,0.009756088256835938,0.009838104248046875,0.009730100631713867,0.009863138198852539,0.009808063507080078,0.00974893569946289,0.009800195693969727,0.009751081466674805,0.009831905364990234,0.0097808837890625,0.009768962860107422,0.009800910949707031,0.009746074676513672,0.009809017181396484,0.009779930114746094,0.009791851043701172,0.009787797927856445,0.009755849838256836,0.009832143783569336
method_formatter,SBRYBND,true,0.009943962097167969,0.009994029998779297,0.009977102279663086,0.010053873062133789,0.009912967681884766,0.009986162185668945,0.010036945343017578,0.009865999221801758,0.010065793991088867,0.009949207305908203,0.009929180145263672,0.009994029998779297,0.009882926940917969,0.010013103485107422,0.009953022003173828,0.009975910186767578,0.010028839111328125,0.009912967681884766,0.010016202926635742,0.00995492935180664,0.009923934936523438,0.010004997253417969,0.009865045547485352,0.010020017623901367,0.00993490219116211,0.009953975677490234,0.010046005249023438,0.009868860244750977,0.010027885437011719,0.009953975677490234,0.009926080703735352,0.010001897811889648,0.00985407829284668,0.010050058364868164,0.009982109069824219,0.009936094284057617,0.010046005249023438,0.009862899780273438,0.01001882553100586,0.009945869445800781,0.009968996047973633,0.009990215301513672,0.009860992431640625,0.010030984878540039,0.009962081909179688,0.009933948516845703,0.010102987289428711,0.009857892990112305,0.010040998458862305,0.00996088981628418
method_ccall,CUBE,false,0.02193307876586914,0.022155046463012695,0.022050142288208008,0.021952152252197266,0.023890972137451172,0.03404498100280762,0.02199411392211914,0.022235870361328125,0.021939992904663086,0.02195906639099121,0.02385401725769043,0.024878978729248047,0.024523019790649414,0.034401893615722656,0.022378921508789062,0.02214789390563965,0.022073984146118164,0.023212909698486328,0.024530887603759766,0.02475118637084961,0.03475594520568848,0.022202014923095703,0.021988868713378906,0.022310972213745117,0.02273702621459961,0.024765968322753906,0.02454090118408203,0.03396916389465332,0.022250890731811523,0.022003173828125,0.022001028060913086,0.02226710319519043,0.024651050567626953,0.024541854858398438,0.03422880172729492,0.022397994995117188,0.022149085998535156,0.02202606201171875,0.022009849548339844,0.024196147918701172,0.024779081344604492,0.03472185134887695,0.022047996520996094,0.02256298065185547,0.02209305763244629,0.02191781997680664,0.023847103118896484,0.024617910385131836,0.024919986724853516,0.032530784606933594
method_ccall,CUBE,true,0.04104900360107422,0.11886191368103027,0.09090304374694824,0.13361787796020508,0.05292010307312012,0.0917050838470459,0.0633089542388916,0.14544391632080078,0.14137816429138184,0.0883169174194336,0.12300920486450195,0.060755014419555664,0.08343982696533203,0.053240060806274414,0.09122490882873535,0.12472891807556152,0.11024689674377441,0.07077693939208984,0.0963900089263916,0.10487604141235352,0.12519621849060059,0.08926892280578613,0.09018898010253906,0.10242009162902832,0.08245110511779785,0.12297701835632324,0.09468603134155273,0.08130908012390137,0.07695198059082031,0.08846497535705566,0.0855100154876709,0.07141613960266113,0.09684014320373535,0.0651700496673584,0.10426187515258789,0.09491086006164551,0.04025578498840332,0.14369702339172363,0.10579609870910645,0.06159615516662598,0.09617996215820312,0.10828995704650879,0.12611913681030273,0.08371996879577637,0.09271907806396484,0.10724782943725586,0.07082295417785645,0.12109994888305664,0.12381315231323242,0.11998701095581055
method_ccall,ROSENBR,false,0.014516115188598633,0.014557123184204102,0.014576911926269531,0.013876914978027344,0.014473199844360352,0.013963937759399414,0.015687942504882812,0.015720129013061523,0.016051769256591797,0.01629805564880371,0.02514481544494629,0.014898061752319336,0.014093875885009766,0.01414799690246582,0.014661073684692383,0.014542102813720703,0.013984918594360352,0.015295982360839844,0.015887022018432617,0.015631914138793945,0.016253948211669922,0.028454065322875977,0.015583992004394531,0.016694068908691406,0.019340991973876953,0.017096996307373047,0.01576709747314453,0.014240026473999023,0.014750003814697266,0.01604914665222168,0.017045021057128906,0.016351938247680664,0.015858888626098633,0.03315901756286621,0.01415705680847168,0.015084028244018555,0.014261007308959961,0.014837980270385742,0.01406407356262207,0.014319896697998047,0.015465974807739258,0.016271114349365234,0.015919208526611328,0.01568317413330078,0.02693915367126465,0.014634847640991211,0.01470804214477539,0.014537811279296875,0.01450800895690918,0.014685869216918945
method_ccall,ROSENBR,true,0.05036807060241699,0.08885908126831055,0.04687619209289551,0.05759596824645996,0.07793712615966797,0.1001729965209961,0.1654050350189209,0.10161089897155762,0.06590604782104492,0.22256207466125488,0.10888409614562988,0.10062694549560547,0.128709077835083,0.08562898635864258,0.0808870792388916,0.08438396453857422,0.14178013801574707,0.05499696731567383,0.06724214553833008,0.07950401306152344,0.09608316421508789,0.05382895469665527,0.06101512908935547,0.10448002815246582,0.06836390495300293,0.0696251392364502,0.0523991584777832,0.03215312957763672,0.1269388198852539,0.041023969650268555,0.06023383140563965,0.1378798484802246,0.04294300079345703,0.034639835357666016,0.03772401809692383,0.0715789794921875,0.14748406410217285,0.08742284774780273,0.06176400184631348,0.04978489875793457,0.09859991073608398,0.11223483085632324,0.04812908172607422,0.04840898513793945,0.08490180969238281,0.09955906867980957,0.093109130859375,0.07308292388916016,0.05692100524902344,0.07367205619812012
method_ccall,HILBERTB,false,0.00013685226440429688,0.0001251697540283203,0.00013184547424316406,0.00012493133544921875,0.00012493133544921875,0.0001270771026611328,0.0001251697540283203,0.00012612342834472656,0.00012493133544921875,0.00012493133544921875,0.00012493133544921875,0.00012421607971191406,0.0001270771026611328,0.0001239776611328125,0.000125885009765625,0.0001239776611328125,0.0001270771026611328,0.0001251697540283203,0.00012421607971191406,0.00012493133544921875,0.0001239776611328125,0.00012493133544921875,0.0001251697540283203,0.00012612342834472656,0.00012493133544921875,0.0001239776611328125,0.00012493133544921875,0.0001239776611328125,0.0001289844512939453,0.00012183189392089844,0.00012803077697753906,0.00012493133544921875,0.00012302398681640625,0.00012612342834472656,0.0001239776611328125,0.0001239776611328125,0.00012302398681640625,0.0001239776611328125,0.0001239776611328125,0.0001239776611328125,0.00012493133544921875,0.00012302398681640625,0.000308990478515625,0.0001239776611328125,0.000392913818359375,0.00012803077697753906,0.00012302398681640625,0.0001239776611328125,0.0001239776611328125,0.00012302398681640625
method_ccall,HILBERTB,true,0.00036716461181640625,0.0002849102020263672,0.00023698806762695312,0.0002319812774658203,0.0002319812774658203,0.0002319812774658203,0.00023698806762695312,0.00023102760314941406,0.0002300739288330078,0.0002288818359375,0.0002391338348388672,0.00022912025451660156,0.0003750324249267578,0.0002589225769042969,0.00022912025451660156,0.00023221969604492188,0.0002319812774658203,0.00023293495178222656,0.0002529621124267578,0.00022912025451660156,0.0002300739288330078,0.0002281665802001953,0.00023293495178222656,0.00023293495178222656,0.0002319812774658203,0.00023102760314941406,0.00023508071899414062,0.00023293495178222656,0.00022792816162109375,0.00023818016052246094,0.0002300739288330078,0.0002269744873046875,0.0002269744873046875,0.00022912025451660156,0.0002269744873046875,0.0002281665802001953,0.00022792816162109375,0.0002288818359375,0.00022792816162109375,0.00023508071899414062,0.00022912025451660156,0.000225067138671875,0.0002281665802001953,0.00023102760314941406,0.0002300739288330078,0.00023221969604492188,0.00022602081298828125,0.00022602081298828125,0.0003559589385986328,0.00017690658569335938
method_ccall,ARGLINC,false,0.003944873809814453,0.0032689571380615234,0.0032482147216796875,0.003264904022216797,0.0033190250396728516,0.0033059120178222656,0.003248929977416992,0.003245115280151367,0.003245115280151367,0.0033111572265625,0.0033240318298339844,0.0032689571380615234,0.0032470226287841797,0.0032470226287841797,0.0033288002014160156,0.003309011459350586,0.003289937973022461,0.0032520294189453125,0.0032439231872558594,0.0033020973205566406,0.0033071041107177734,0.003445863723754883,0.003262042999267578,0.0032439231872558594,0.0032918453216552734,0.0032660961151123047,0.003245830535888672,0.0032410621643066406,0.0032448768615722656,0.0032758712768554688,0.0033409595489501953,0.0032820701599121094,0.003242969512939453,0.003242015838623047,0.0032701492309570312,0.0033211708068847656,0.003258228302001953,0.003255128860473633,0.003242969512939453,0.003258943557739258,0.003283977508544922,0.0032541751861572266,0.0032439231872558594,0.003275156021118164,0.003353118896484375,0.003325939178466797,0.0032498836517333984,0.0032432079315185547,0.0032439231872558594,0.003256082534790039
method_ccall,ARGLINC,true,0.0037050247192382812,0.0033049583435058594,0.0032639503479003906,0.0032739639282226562,0.003348112106323242,0.003309011459350586,0.003309011459350586,0.0032639503479003906,0.0032579898834228516,0.0033190250396728516,0.0032889842987060547,0.0032761096954345703,0.0032699108123779297,0.0032558441162109375,0.003358125686645508,0.0033359527587890625,0.003271818161010742,0.0032699108123779297,0.0032999515533447266,0.003345966339111328,0.003306865692138672,0.003287076950073242,0.0032699108123779297,0.0033109188079833984,0.0033609867095947266,0.003320932388305664,0.0033550262451171875,0.003331899642944336,0.003287076950073242,0.003345012664794922,0.0033528804779052734,0.003322124481201172,0.0032770633697509766,0.0032880306243896484,0.003329038619995117,0.0033271312713623047,0.0033371448516845703,0.003314971923828125,0.0032889842987060547,0.003362894058227539,0.0033791065216064453,0.003322124481201172,0.0032799243927001953,0.003289937973022461,0.0033659934997558594,0.0033490657806396484,0.0033109188079833984,0.0032799243927001953,0.003298044204711914,0.003376007080078125
method_ccall,BROWNAL,false,0.006352901458740234,0.006283998489379883,0.006170988082885742,0.006240129470825195,0.006134986877441406,0.006129026412963867,0.0063800811767578125,0.006136894226074219,0.006234884262084961,0.0062029361724853516,0.006109952926635742,0.006272077560424805,0.006117820739746094,0.006139039993286133,0.006197929382324219,0.006114006042480469,0.006206035614013672,0.006184101104736328,0.006085872650146484,0.006248950958251953,0.006150960922241211,0.006141185760498047,0.006260871887207031,0.006211042404174805,0.006263017654418945,0.006190061569213867,0.006063938140869141,0.006222963333129883,0.006298065185546875,0.006153106689453125,0.00616908073425293,0.006163835525512695,0.006148099899291992,0.00621485710144043,0.006044864654541016,0.00627899169921875,0.006167888641357422,0.006103992462158203,0.006242036819458008,0.006158113479614258,0.006178140640258789,0.006165027618408203,0.006078004837036133,0.006234884262084961,0.006286144256591797,0.0061321258544921875,0.006184101104736328,0.00621485710144043,0.0062520503997802734,0.006228208541870117
method_ccall,BROWNAL,true,0.006468057632446289,0.006206035614013672,0.006102085113525391,0.006433963775634766,0.006207942962646484,0.006181955337524414,0.0062389373779296875,0.006090879440307617,0.006201028823852539,0.006256818771362305,0.0060939788818359375,0.006257057189941406,0.006153106689453125,0.006186008453369141,0.006342887878417969,0.006141185760498047,0.006352901458740234,0.0061609745025634766,0.006162881851196289,0.006193876266479492,0.006181001663208008,0.006223917007446289,0.006196022033691406,0.006088972091674805,0.006298065185546875,0.0062940120697021484,0.006175041198730469,0.006389141082763672,0.006164073944091797,0.006227016448974609,0.0063588619232177734,0.006083965301513672,0.0063440799713134766,0.0062389373779296875,0.0061380863189697266,0.006218910217285156,0.006190061569213867,0.006250143051147461,0.006114959716796875,0.00616002082824707,0.0061798095703125,0.006181001663208008,0.00636601448059082,0.006254911422729492,0.006176948547363281,0.006263017654418945,0.006185054779052734,0.0061588287353515625,0.006192922592163086,0.006205081939697266
method_ccall,GENROSE,false,1.041633129119873,1.026515007019043,1.024411916732788,1.0239830017089844,1.0221869945526123,1.0236120223999023,1.027350902557373,1.0251860618591309,1.0269560813903809,1.039430856704712,1.0276288986206055,1.0268049240112305,1.0317471027374268,1.0258471965789795,1.0269930362701416,1.0275359153747559,1.0310800075531006,1.028352975845337,1.0400419235229492,1.022787094116211,1.0250980854034424,1.0266480445861816,1.0265870094299316,1.0303230285644531,1.0245440006256104,1.0241141319274902,1.0297939777374268,1.0328259468078613,1.0223379135131836,1.021475076675415,1.0220558643341064,1.0225460529327393,1.0237669944763184,1.0245671272277832,1.0241830348968506,1.0280728340148926,1.0334060192108154,1.0219268798828125,1.0214810371398926,1.0220439434051514,1.0205860137939453,1.0235772132873535,1.0248122215270996,1.0247828960418701,1.0391640663146973,1.0217931270599365,1.0217139720916748,1.0236790180206299,1.021785020828247,1.024083137512207
method_ccall,GENROSE,true,1.4152770042419434,1.4043891429901123,1.1970560550689697,1.0888619422912598,1.1381030082702637,1.1073048114776611,1.092851161956787,1.265326976776123,1.2715179920196533,1.1979730129241943,1.1402239799499512,1.2468512058258057,1.1732590198516846,1.214627981185913,1.1501240730285645,1.231234073638916,1.1976139545440674,1.2074060440063477,1.206923007965088,1.221285104751587,1.1732590198516846,1.18733811378479,1.191472053527832,1.147486925125122,1.1518900394439697,1.2577979564666748,1.2697429656982422,1.260746955871582,1.168807029724121,1.1936991214752197,1.2161190509796143,1.3416950702667236,1.1895029544830322,1.1766390800476074,1.1813910007476807,1.124018907546997,1.115900993347168,1.175955057144165,1.1195600032806396,1.1151158809661865,1.1519179344177246,1.1555280685424805,1.13956880569458,1.1797258853912354,1.15938401222229,1.0596530437469482,1.09837007522583,1.1071760654449463,1.1161468029022217,1.09381103515625
method_ccall,PENALTY1,false,0.001741170883178711,0.0017180442810058594,0.0017380714416503906,0.0017161369323730469,0.0018489360809326172,0.0019550323486328125,0.0019049644470214844,0.001714944839477539,0.0017240047454833984,0.0017230510711669922,0.0017209053039550781,0.001734018325805664,0.0017230510711669922,0.001722097396850586,0.0017230510711669922,0.0017790794372558594,0.0017189979553222656,0.0017290115356445312,0.0017218589782714844,0.0017409324645996094,0.0019538402557373047,0.0018000602722167969,0.0017161369323730469,0.001725912094116211,0.0017969608306884766,0.0017621517181396484,0.0017211437225341797,0.001714944839477539,0.001722097396850586,0.0017189979553222656,0.0017189979553222656,0.001714944839477539,0.0017161369323730469,0.0017158985137939453,0.0017199516296386719,0.001714944839477539,0.001722097396850586,0.0017130374908447266,0.0017168521881103516,0.0017161369323730469,0.0017209053039550781,0.001714944839477539,0.0017158985137939453,0.0017158985137939453,0.0017189979553222656,0.0017180442810058594,0.0017189979553222656,0.0017189979553222656,0.0017228126525878906,0.0017180442810058594
method_ccall,PENALTY1,true,0.0022001266479492188,0.0018191337585449219,0.0017580986022949219,0.0017330646514892578,0.0017480850219726562,0.0017430782318115234,0.0017409324645996094,0.0017278194427490234,0.0017359256744384766,0.0017290115356445312,0.0017361640930175781,0.0017290115356445312,0.0017361640930175781,0.0017390251159667969,0.0017518997192382812,0.0017380714416503906,0.0017349720001220703,0.0017299652099609375,0.0017321109771728516,0.0017321109771728516,0.0017309188842773438,0.0017390251159667969,0.0017330646514892578,0.001766204833984375,0.0017399787902832031,0.0017371177673339844,0.0017290115356445312,0.0017321109771728516,0.0017261505126953125,0.0017321109771728516,0.001725912094116211,0.0017380714416503906,0.0017311573028564453,0.00174713134765625,0.0017368793487548828,0.0017368793487548828,0.0017309188842773438,0.0017330646514892578,0.0017309188842773438,0.0017290115356445312,0.001734018325805664,0.001734018325805664,0.0017559528350830078,0.0017349720001220703,0.001734018325805664,0.001728057861328125,0.0017290115356445312,0.001728057861328125,0.0017330646514892578,0.0017359256744384766
method_ccall,SBRYBND,false,0.010498046875,0.009733915328979492,0.009727001190185547,0.009732961654663086,0.009737014770507812,0.009727954864501953,0.009730100631713867,0.009725093841552734,0.009733915328979492,0.009721040725708008,0.00973200798034668,0.009727954864501953,0.009719133377075195,0.009732961654663086,0.00973200798034668,0.009731054306030273,0.00973200798034668,0.009740114212036133,0.009729146957397461,0.00975799560546875,0.009723186492919922,0.009737014770507812,0.00973200798034668,0.00972604751586914,0.00972890853881836,0.00972890853881836,0.009788990020751953,0.009735107421875,0.009725809097290039,0.009727001190185547,0.00973200798034668,0.009731054306030273,0.009744882583618164,0.009720087051391602,0.009720802307128906,0.009718894958496094,0.009732961654663086,0.009733915328979492,0.009730815887451172,0.009727954864501953,0.009721040725708008,0.009727954864501953,0.009724855422973633,0.009741783142089844,0.009724140167236328,0.009724855422973633,0.009740829467773438,0.009724140167236328,0.009708881378173828,0.009721040725708008
method_ccall,SBRYBND,true,0.009847164154052734,0.009858846664428711,0.00983881950378418,0.009860992431640625,0.009825944900512695,0.009868860244750977,0.009857892990112305,0.00984811782836914,0.009855985641479492,0.009827136993408203,0.009853124618530273,0.009831905364990234,0.009860038757324219,0.009897947311401367,0.009901046752929688,0.009885072708129883,0.009835958480834961,0.009865999221801758,0.009860992431640625,0.009863138198852539,0.009858846664428711,0.009859085083007812,0.009891033172607422,0.009872913360595703,0.009832143783569336,0.009935855865478516,0.009842157363891602,0.009864091873168945,0.00985407829284668,0.009827852249145508,0.009875774383544922,0.009883880615234375,0.009859085083007812,0.00985097885131836,0.009827136993408203,0.00986480712890625,0.009820222854614258,0.009860992431640625,0.009846925735473633,0.009830951690673828,0.009861946105957031,0.009819984436035156,0.009850025177001953,0.009857892990112305,0.009829998016357422,0.009846925735473633,0.009811878204345703,0.009869098663330078,0.009845972061157227,0.009857892990112305
